competitor_500m,restaurant_500m,fastfood_500m,distance_to_university,distance_to_mall,distance_to_primary_road,target
17,43,16,217.01727202604107,26.521854799675523,152.7498323606133,1
4,10,1,73.82088593934395,2670.63831865404,25.58125199467491,1
27,37,3,520.0565291013036,955.8472285845021,636.4247670342578,1
7,32,0,446.8401249918883,575.8381673025359,27.78589788844891,1
30,39,4,402.3743813642672,882.5032430082664,534.8205055267357,1
15,32,3,728.8186443128882,1195.820636291695,649.2512727208853,1
11,28,5,757.3114066281125,661.5711585312904,175.36793095582,1
16,38,3,459.30907019930544,1662.697361775675,6.578300190237599,1
21,52,11,300.01853274221224,1230.6229537956715,14.473000034832856,1
5,10,1,169.22422318488313,2740.7398328193735,27.666351870550677,1
6,32,3,1286.7803049627983,986.6144860374201,368.74599324832957,1
7,32,3,1257.2306473932867,1018.3455118404752,372.5124426315288,1
27,36,4,495.1260727836575,901.6504240850379,661.7242311306857,1
15,25,2,103.60200693713153,167.9284293492496,14.438031343619205,1
14,30,3,864.5421840113049,1262.736194067299,632.6763155482353,1
21,44,9,180.97470540983863,971.6112942784748,100.91850392581838,1
6,34,8,145.53953277907647,35.57158883842274,45.893748479978285,1
30,39,4,103.96103873863099,655.0794924443343,379.20852390018484,1
24,30,4,547.6868666481745,734.8990938332801,842.9771316926568,1
29,42,3,693.7985534391667,533.1502976232784,79.601944292334,1
10,25,1,619.0827540293398,595.7609087196626,207.2825049469788,1
15,28,1,634.941563786198,591.853499634562,190.0940695501699,1
29,39,5,410.3363216143847,931.0350994264221,470.5880896024572,1
7,18,1,414.41272412573994,917.590853252255,355.0273667923282,1
22,30,4,428.4386254322075,1020.2306881232652,265.5340200781324,1
27,35,5,185.70403207950577,749.8700428347466,377.06012585784134,1
28,38,5,287.2830005602968,854.2247395270826,365.63393940337073,1
0,0,0,2494.126268660164,118.44647806719378,13.44861449307076,1
33,40,5,521.6203665893566,132.53364202643886,8.653181078497184,1
23,55,10,382.8209413565806,230.86058676597168,349.4013279210286,1
16,29,3,243.46119222784296,213.7882453404121,244.03042517358614,1
16,29,4,910.1083016092809,620.0301679355382,11.94028642732613,1
16,24,3,139.7706220501681,283.82572447730325,180.08760415494444,1
14,44,4,364.87183082763954,341.3998746506344,197.89780956518152,1
18,49,4,363.79731759903325,169.8379751941883,18.756494755363562,1
5,2,1,862.4980268448774,922.1802185362039,309.04689684316685,1
9,18,1,462.42307744644177,841.3425434631305,415.8883731002055,1
2,14,1,409.9046346285221,1325.4889100275668,117.24645258335683,1
19,31,1,567.9273984277448,576.7347171988122,96.39377809970448,1
5,25,1,1230.0210840605928,358.23031374854605,33.46764201112772,1
18,34,3,109.4466514962409,184.76306810467057,123.01052818130304,1
17,33,3,97.36951318801707,199.10259857606363,120.63799847211268,1
1,11,0,321.1778366830826,981.3913211972307,11.867329112345544,1
4,12,3,166.81367345424064,521.3476283542458,8.85151747793014,1
3,4,2,360.1828747996149,550.4858694936864,87.30195433835566,1
2,21,2,43.607091656519,532.7647118352769,110.79823595760932,1
1,7,0,427.0826845500677,400.43624372298586,6.558137031361316,1
4,23,1,775.1465275111966,423.9997149904391,207.73509634622474,1
3,24,1,563.0780218950827,546.5696651805758,7.915412159281979,1
3,17,1,1127.7026629420423,497.86064293309965,2.661420795764446,1
0,12,0,1466.4957825031104,629.4484039344228,152.55074446826475,1
23,48,19,203.44934671265347,286.2716679809864,41.132210205395666,1
18,30,3,203.02596010059517,233.72055882312824,114.13860293380348,1
18,28,3,199.1545596973288,226.3394690676052,141.04122558123242,1
22,46,11,219.97595330197942,1047.099811099443,33.9493178998766,1
3,9,2,115.74187075248946,619.7205399512693,21.041598964281874,1
6,31,3,1283.038042205575,976.9230507669356,412.16658229318017,1
3,11,3,67.93892798512222,2022.386330802776,222.74477266348367,1
3,9,2,16.047683518713427,2153.3332981332683,355.8219351119841,1
3,6,1,83.73946142012231,2202.5282819423173,422.95604172743964,1
3,10,1,82.44140013146055,2140.6973630452817,390.1620677240997,1
23,35,8,162.11220306289087,683.6859343642188,382.7847711337898,1
17,35,5,179.37848202750126,632.5279422019722,334.3016553683852,1
17,35,5,203.19136111144627,608.996864641871,313.95735789629254,1
18,32,4,345.20719306842926,465.3558357361725,213.84803133675322,1
2,7,0,1599.582790145198,705.3701449471546,6.043269306048362,1
0,4,0,122.12380845533391,1540.456516102805,263.81222983483184,1
25,48,14,62.80458848990362,1216.3469710522352,137.656844273342,1
2,15,1,247.57371716113207,1447.3690022490175,10.314380524412936,1
18,46,17,183.8474323494614,209.9794941482215,23.48299725968605,1
35,39,5,439.72690364927854,70.55403832656424,8.094710464764523,1
17,31,3,768.1413975998595,1233.2544699739387,635.5630785090729,1
26,36,5,312.27923509064067,880.3849635342159,362.1018577562017,1
11,16,1,445.4337569854228,625.9202222929513,212.91646481128103,1
14,29,3,840.565197834765,1273.2741989168164,641.5011569633189,1
9,16,9,147.49502980102022,370.8914536235873,13.470896128151052,1
16,33,5,835.2695512002986,747.6681505436416,169.24905145718668,1
26,52,9,376.0956573691329,245.06474483069536,418.546522738859,1
3,7,1,303.9509128808485,611.7875700775295,410.381518596292,1
15,31,5,724.0377645205598,647.7809947887163,165.38115591404755,1
2,2,0,1327.7564310209805,613.069257516933,20.787411420912647,1
12,35,5,968.2412918454069,93.64486851693877,91.47895391732983,1
12,36,5,916.791870707074,110.78503277571153,38.13927776320019,1
12,35,5,958.109644884874,93.30386766314456,80.50845623490757,1
14,35,5,1024.5246685910424,67.94116481477408,89.45622234753563,1
14,35,5,1029.1238666972517,78.95098425975937,89.10353567104518,1
13,34,5,1012.1294788493492,38.67011350469569,89.48947890470238,1
0,0,1,1302.5285449279752,3000.0331232480335,1155.8725737604207,1
8,16,4,869.2221210352448,400.45122025313674,19.267231375712612,1
7,14,1,212.8834838429647,1191.7031988698775,896.078517214219,1
31,37,4,261.0413109959486,529.9042054214852,570.1231595204077,1
8,32,2,1223.5834506977658,1025.424649883568,595.7414974432963,1
1,3,0,1102.3536401531012,778.4747478503239,1.195817591769936,1
36,39,5,388.5189480212449,99.1387144994609,8.308470387943581,1
38,41,5,422.7581401587593,96.31355333484866,9.142578734142502,1
35,39,5,433.7594544541944,50.52674574115164,27.762128050427645,1
3,3,3,1476.20704301738,85.99988471994871,45.70400805030591,1
2,3,0,1378.214348768348,601.1593627731812,23.546319010047053,1
9,25,5,990.458363539351,538.7103378278877,218.8540462073393,1
17,24,3,195.0316722085984,240.49359164646793,210.7354186393917,1
23,35,7,186.57619203689913,668.0764635139545,358.19039953017636,1
3,5,0,893.4840123068017,2117.967537500541,1319.7133364662448,1
6,9,1,441.3545797434131,2972.2626529316826,118.04339686280753,1
4,9,1,602.9349754625413,77.88586825772227,83.24194125723815,1
29,36,4,298.60574562792505,766.0306379723328,517.1565285066671,1
1,1,0,1133.795316630236,2626.3761266829047,1413.162206059878,1
3,2,1,659.8523219956136,3252.894699712621,394.43320770639974,1
6,36,8,135.75585263789478,24.31190593254255,20.432383012890853,1
9,29,8,520.6311476406561,427.3974429234696,94.45516661885424,1
18,44,3,440.7975869332643,229.8756726905408,116.6232450890709,1
29,39,5,369.6699806465557,891.6166174820702,461.74131256283033,1
19,30,4,269.2214770671766,814.5763818796131,151.81993536582263,1
1,2,0,720.1161465673681,1615.01981646163,747.7055874150676,1
27,34,4,346.12216073151103,639.9783240389322,646.3731382403395,1
3,8,0,734.0098290538081,1724.3057205449968,1303.5557484237647,1
7,18,1,457.06734759655154,1443.6823560179878,1072.3416472439637,1
21,42,4,366.5301652724016,366.20310011330673,270.0257739247685,1
9,25,5,955.471686564224,496.4987307646704,159.01156121562676,1
15,31,9,410.18459734916365,1541.4908363249301,314.1087886198554,1
17,46,9,344.69531640273,891.2029507773242,245.63278495218927,1
4,5,4,395.692480479561,369.49891648797444,188.7361157367078,1
4,5,2,281.2573797386612,501.61257676212455,213.06771254005199,1
38,43,5,321.17877712782166,175.320462462195,8.531442322476947,1
3,4,2,771.0727963326385,525.7649971146776,23.001920418651988,1
11,40,16,630.5205572174921,254.54085142102983,15.867749959817829,1
0,2,1,783.5164193936604,2002.0576081797285,36.25692349801257,1
0,0,0,5115.819133123053,2415.8048723060724,2263.430953103212,1
1,2,3,349.4457447424891,2703.07414638814,41.75580900212939,1
12,27,0,265.0805447445434,119.40433417154982,38.21187187780851,1
16,37,3,435.2412644762381,1712.3830795564218,20.23441892283568,1
1,4,0,735.2941467987264,642.2700853484454,243.60690703501524,1
8,17,2,1245.1098623548203,415.29410187545824,99.28835381442758,1
0,7,4,368.58620733901466,1301.0583894125466,19.537618872002284,1
8,18,12,215.2042642806074,734.6420503709601,13.34224904751738,1
8,18,12,203.35778643538598,743.4012990828588,23.608405212279116,1
9,18,9,395.0262234209028,588.3410895454429,20.813290251759902,1
10,19,9,463.5307623061701,544.6397009716766,16.465497157047537,1
0,2,0,2101.559500349243,2546.165698957978,11.236088127371982,1
2,18,1,1228.1844193708484,55.61232527064132,65.26819062016153,1
35,42,5,501.95748810757067,208.71763710001915,0.29908680243594055,1
7,28,9,1043.3419793568298,445.2541529824048,29.7339218877957,1
19,42,3,283.29163695120326,31.768207395611466,32.21643229084099,1
16,42,16,161.72478425435338,43.142559732965445,106.8297240334922,1
8,14,4,668.0138257833229,298.48723930621463,124.52519904890218,1
13,22,2,547.259689999342,1091.7591269973518,136.71838741937344,1
6,35,8,142.7532255687441,34.855416908343585,13.789040774699581,1
6,19,0,144.01051528313255,585.1000456399887,19.753252604376904,1
12,28,1,853.6613330143881,751.0463472998106,155.7339876961183,1
14,23,1,582.1517754599129,588.9722725195263,161.93380585899837,1
20,37,4,378.9556302832995,401.83635043232954,572.6391845687377,1
17,44,6,268.9187381273096,922.2281663002683,64.79284391654771,1
7,12,2,593.8723172962124,972.4792500652233,16.33909098935941,1
2,0,0,2344.4223175357074,2726.872000380581,150.43779722567578,1
1,13,1,878.800062598368,460.80055084941785,23.932888879757304,1
21,53,10,433.88479248358885,1195.2947301491718,130.89793426056832,1
14,28,15,1705.2012138524658,133.1461208213013,1143.0130077314964,1
13,28,15,1674.5164997827153,84.03091090620845,1192.8267557435918,1
13,26,15,1627.7107677426338,73.53220399122455,1220.1681424232124,1
10,25,13,1534.8465931162486,106.13588458551591,1306.577895598729,1
10,24,12,1497.8606758443668,142.81370168997458,1325.9759915256677,1
10,25,13,1534.8465931162486,106.13588458551591,1306.577895598729,1
10,24,12,1497.8606758443668,142.81370168997458,1325.9759915256677,1
14,36,17,93.9148741039144,86.41914837592645,143.42946100569594,1
7,1,0,307.95886461001305,2407.459575351868,538.2315059860942,1
6,13,2,133.22767380009515,938.8862796946167,751.1450891519654,1
6,13,2,135.66715462027594,933.7901007868021,749.5194536291342,1
15,20,6,1098.122847384945,440.1453405923625,358.1778431744412,1
10,18,6,977.1748189595864,525.9480787423357,501.28890904596585,1
6,15,8,817.6069540907137,513.8780830933426,118.94183214116747,1
20,48,9,553.3558171582545,372.48813804794423,473.01006757638464,1
12,41,17,383.7913559006449,99.81910469308063,211.80076691137896,1
0,0,0,851.6114093899853,1564.7731304290498,612.7437414544687,1
15,40,17,167.73249655857992,40.8203759281236,29.04093518569544,1
16,40,17,202.8401861333624,20.620768738180054,65.1373479693848,1
16,42,17,224.24083519842262,29.891195357167277,89.16038148697815,1
16,41,17,201.69713960010105,5.896046217583274,72.73120822925947,1
16,39,17,212.04984085316994,34.88413266932319,66.94611553931585,1
6,12,8,822.6616165113578,481.7329697513369,126.31794583208263,1
8,36,9,1101.9670449743462,53.35120961651453,172.64544552369526,1
8,36,9,1069.306257815669,66.76663916383974,158.77987926248974,1
7,35,9,1131.2024467651008,51.01575243947938,274.2697667062053,1
8,35,9,1111.922795500392,17.935518454056485,206.50662000669635,1
7,35,9,1142.832412580652,25.637929908716657,231.87209810348202,1
14,35,17,77.55799714319262,17.712057213276406,139.16679748423397,1
14,36,17,82.08941004502957,52.20429169617145,143.9190107938094,1
13,35,17,97.46157839162824,22.2335683663217,119.74596913008419,1
0,10,1,474.79457761292196,1469.9861444796993,339.2828150525086,1
4,13,1,94.10166711006597,1204.8658537853244,218.83711947699305,1
4,14,2,159.17494930809818,1214.8090615169565,244.55871736013495,1
4,13,2,149.06956560855014,1217.3255612266353,243.70695254623774,1
14,28,5,941.3984170791261,610.6321925070938,14.690295460016348,1
15,20,6,1092.8688287020993,440.96565477968835,365.8147433810425,1
10,17,8,621.1691617078703,492.8922869235014,12.518182602907183,1
13,34,5,1014.130809805909,40.542576943696574,120.86456857378599,1
14,35,5,1049.1486392117622,121.14220324667717,88.59457630164232,1
12,34,5,942.2074843139543,137.16405780662734,75.69836721836451,1
12,36,5,937.234194296516,102.86041486403997,60.00625016350899,1
13,34,5,988.1950573104679,13.971326624537937,82.10029282466353,1
14,35,5,1013.4573987733261,98.35056997799542,63.707184284160704,1
7,35,8,73.1382576259002,35.12450140630004,38.83728665142229,1
4,13,2,323.85518420720206,741.3814992452748,52.59642097663165,1
4,25,4,54.48362662216694,496.0558611954076,21.60179637335388,1
7,34,8,84.18745479746522,13.894961420756532,63.17610329177764,1
17,21,6,915.6955995846095,416.07276060102595,29.313919833959424,1
3,1,3,897.9583138569833,215.38572627244707,25.526084399878002,1
16,24,6,894.7720390405543,540.0039211511198,10.675651674348993,1
12,41,17,399.91765886003225,128.89187954159118,231.87250690462113,1
1,5,1,2447.781704078971,1984.8522347528578,11.87998456423554,1
12,41,16,410.35398140033,21.617309889865048,113.48901725780723,1
12,41,16,403.9117027539128,23.87623282511496,96.08467037055749,1
12,40,16,421.18100071836267,30.490303855920974,104.62417517865784,1
12,41,16,410.7855199849763,17.90267372341813,106.65789149691292,1
13,41,16,378.1556689042916,21.45193654958335,139.13213090551594,1
12,40,16,430.6854714731649,39.010070345040674,96.558573334456,1
12,40,16,427.0306447569814,34.5419288329635,96.7276295470943,1
1,3,0,1140.085468699419,821.7548737234498,10.831973693339085,1
24,33,4,249.26170955347393,305.17791511027553,7.87167366490022,1
34,35,6,413.3717360341423,19.692033190477023,84.11732079565053,1
38,41,5,327.68008547695877,166.02453523642333,8.999485774392667,1
35,60,19,118.50228122475137,211.56910493044504,17.128229706142978,1
36,37,6,396.36677887728945,23.911192555742247,70.03135935442808,1
36,37,6,403.8152283740382,31.345603498019777,55.48475491608655,1
33,39,5,506.7057993585291,145.21657329857345,10.714745224175664,1
32,37,5,503.5066455070751,149.90866248568298,14.672607923592386,1
38,42,5,344.3939058563228,168.70788526270223,8.243336620610387,1
31,47,6,214.9605948569821,235.64630957888266,10.298928692621388,1
37,35,6,389.71963749082875,24.885647569244416,95.04439575113098,1
39,52,6,222.30323622029888,222.2762855492646,13.639354723881677,1
39,51,5,273.5834409959942,215.3226544650071,9.86546206264063,1
32,35,6,491.5714723573701,86.42705672563216,9.111998648096577,1
24,48,19,225.73891670752525,193.81426698551738,11.241361870635972,1
35,38,6,416.902348724692,16.109742352566915,62.446656883499166,1
39,45,5,321.26816705363103,202.2421165518472,9.554688651924964,1
38,42,5,341.5934708937852,171.69941951646604,7.844372309254435,1
34,39,5,462.40997889676663,71.1736418161005,9.889631792136578,1
39,50,5,244.6695361426226,216.05854079219478,12.557085323418452,1
39,44,5,335.6280825827206,181.37444880109862,9.100525069806215,1
34,39,5,454.15160186386146,69.47899405819861,9.463220598179062,1
16,40,16,127.57689920762819,114.99392623477982,143.76076638269797,1
16,41,16,139.9778687357659,116.45859728941333,157.56786651565443,1
16,42,16,207.87059436718926,34.994508326959405,157.88600070524814,1
16,41,16,163.5025348882196,100.19257588632763,171.5736264503831,1
16,41,16,159.99082719660947,46.91771853377995,118.00042017620375,1
16,42,16,202.51869118528316,60.96761774054978,175.53592001064266,1
16,41,16,201.89446425945917,93.30131135981497,197.69988732175477,1
16,42,16,201.47918519906725,29.920764855074705,150.44616184767037,1
9,27,0,590.0756981621214,294.68629350992273,21.438684345208433,1
16,42,16,175.26567785081747,34.946948558898306,128.78093502944714,1
17,43,16,205.708836917728,6.001229135463106,131.94453256515695,1
16,41,16,124.28085629801843,122.29503351583303,144.26590391763048,1
9,32,5,629.8411067258571,123.55709335735519,22.681373839630822,1
18,48,16,535.1089449162384,31.033191329419978,23.63978657587457,1
4,2,0,242.80941929239037,2328.2675905944852,554.2111335061056,1
12,35,5,938.3673196546107,156.58936870233956,76.49165822562571,1
5,6,0,255.23865280731286,2581.4492539028756,89.1617612710808,1
20,32,15,1729.4394887835529,94.4190103132143,1199.151648662645,1
2,13,2,566.7428014595326,472.95479357146365,1.609922597524383,1
24,47,10,97.16202495963172,1059.1972428901267,23.485124079620213,1
27,51,10,34.577682838666306,1107.0177707505031,22.806612997681775,1
19,46,16,409.00241099255084,193.89615135331948,101.53784780673888,1
6,14,1,147.83326945873267,1089.6395390513126,822.2518301580504,1
6,14,1,168.25413765917602,1107.1878830484195,825.5408045612035,1
2,4,1,524.9669278690038,532.9388655140224,401.8279299598252,1
27,35,4,392.0316782501005,670.3834978076771,687.346472620496,1
23,30,13,635.9115514126777,350.33164723699895,41.221485264301805,1
2,3,0,381.18969590266613,1975.6280793876258,38.23643494202895,1
2,3,0,380.76657103375373,1981.064199246702,60.79471439448255,1
30,37,4,279.332937346294,539.2326448844454,589.0836457661331,1
38,41,5,423.5307643536417,96.44683449229778,9.581761885686584,1
33,40,5,521.2627021140795,132.6826405068224,8.681871005757122,1
36,37,6,405.0551360795006,31.05388101039064,54.887212635853324,1
36,39,4,388.7465222540239,99.0523748449121,8.215277248919977,1
32,35,6,491.84534147751833,86.88898317737127,8.99501041966689,1
2,4,0,387.04455127202743,802.4115940805307,9.870697116345966,1
1,2,0,698.6693072110844,431.5699825859888,410.33427928124763,1
8,2,0,284.0995781071771,2391.007857981656,504.87210655258605,1
9,22,5,683.4168777868136,809.9782717211809,413.629924198557,1
0,0,0,2211.1823123662057,2511.273122286266,81.34037504173445,1
4,12,0,81.14473339213419,561.1917678673764,17.735686131986498,1
2,8,0,420.8026114176915,722.5023816407256,24.778850717999777,1
24,50,14,75.44157836721375,1280.8768665200525,197.32389345749297,1
20,40,11,72.12650551190723,1189.3398165964486,304.2569814275734,1
21,43,12,104.85625143587167,1144.1923714772295,226.72934796472873,1
24,51,14,116.93197419492246,1268.3662167526184,181.10710466399482,1
6,19,7,932.4888839216186,490.5611270263274,41.49613929446194,1
28,41,5,280.7701206588966,204.36049241749535,33.938772397346135,1
9,21,7,2034.970598600452,514.3893388635089,1433.2756697228842,1
15,38,18,190.51557371087557,59.434201876485105,30.52268858652407,1
2,15,1,92.07774114425372,1643.820118546235,13.132258478059835,1
13,28,15,2069.176229833697,465.36589202993486,891.6183401128061,1
15,31,13,2082.3734654090676,502.26271305691654,1319.3051585078315,1
13,28,15,1683.4383734729397,87.53667204471918,1187.9668308755006,1
13,27,15,1648.5718554485873,76.90734667389397,1208.7783045311164,1
1,0,0,475.01359735394,1356.0271580439373,1042.3695896247336,1
9,16,4,667.8583652350496,221.75239199993933,15.664022674271841,1
7,25,0,335.68294338320385,715.6519980478823,24.71665887285707,1
2,6,0,569.9553493281248,1859.0354164621647,1003.0183318099839,1
10,21,5,854.574203873025,654.7094765327821,463.2041279861357,1
7,27,8,237.40812316750618,146.5104669897554,15.36226622920415,1
8,25,4,684.5860162919374,592.0914279758193,10.708676472067681,1
2,4,0,306.95378808358225,821.6843499896238,16.480588380765855,1
7,36,9,866.2429879900594,283.0939831947473,11.544801589112268,1
9,19,9,368.16367962015136,631.1696727827332,13.479637594438225,1
0,0,0,796.7066168417097,2168.08049820943,925.486205727786,1
14,36,18,86.76274786838981,57.97419431610282,131.4712902118518,1
7,21,8,936.7039841911761,453.0594079513444,129.89542233181783,1
6,9,4,885.5918572491844,450.84399153553505,16.412363223711385,1
17,31,5,378.59101538485385,519.586578943468,20.897291051732505,1
22,40,6,376.6598474033741,858.521943552894,16.823512028363,1
17,36,4,397.13591287272385,472.14469245115515,105.01737323950117,1
8,19,0,1973.910792037649,562.52489967053,1584.9548225568235,1
15,28,3,304.86057735750524,821.1376787045577,75.50867309411134,1
19,49,10,323.5013925446736,1015.3025814053076,35.25923025519985,1
23,52,14,118.08181565732363,1273.8471019864405,185.12015165980318,1
16,31,12,216.97135646228188,1041.3461704990639,434.3214630170708,1
20,40,11,102.88566612452291,1149.247153110657,287.06938281742583,1
30,51,9,103.35688232255205,1207.905002155084,120.51302069004443,1
0,5,1,128.28170968298176,1586.731848575198,201.73514074845028,1
6,22,6,1016.1270498716565,503.7830479771214,263.6452401387529,1
8,35,9,1154.8711834886283,265.7847626081376,13.978760079163052,1
21,38,12,202.7751602064752,1061.2806014702364,309.692781995589,1
21,39,11,186.09988653108357,1071.92417939635,296.74142542095933,1
10,24,12,1469.9942000240958,201.01003907283874,1215.0861857971909,1
6,11,1,1896.6769226270303,2841.841869072548,547.3500146496298,1
6,11,1,1762.163751545786,2959.426618245846,413.97449528728515,1
6,11,1,1733.7290310709939,2946.793654724385,387.41207724042687,1
6,11,1,1738.0297010130591,2981.357853067723,395.23500697891353,1
6,12,1,1687.877347850849,2962.5809862015262,346.62661289142955,1
1,0,0,684.0756487361491,1278.552547414408,1237.2015341891702,1
18,44,3,297.62106340773414,92.07954071565919,18.50825316817659,1
20,34,5,432.6807606017256,485.70485353232283,22.854691610636838,1
13,21,3,621.2128340342472,555.9528115225091,615.9258964406436,1
1,13,1,511.15797735266534,524.7551825767431,145.5528837642665,1
15,38,16,78.7032944613187,283.14908212561676,16.849668187450256,1
17,44,16,248.61562220196402,155.37135393357966,17.553261410269357,1
1,3,3,936.217853830721,221.8982591139376,21.038593388086174,1
5,3,2,1071.09270625815,765.5713327912199,23.559300312825826,1
5,3,1,1170.7422231618787,1005.1503746528658,15.71208696589999,1
5,3,2,1151.9573535543723,875.1918975806451,15.129723172868042,1
5,3,2,1115.577332696203,875.0081569882225,16.32899010605934,1
5,3,2,1121.5281817332698,782.9423731169383,16.567522704719998,1
2,1,1,1319.313127308974,1377.8806298024506,13.749910787187282,1
2,0,1,1327.6536957899023,1424.074857933924,32.93931557235598,1
14,34,3,410.7143086359399,1742.6832502176055,16.40319101441679,1
19,51,11,553.1339474018835,1454.7722663852662,34.35620716815939,1
2,5,0,676.0251368007905,1702.028414765412,907.570304990307,1
5,15,5,680.4203333204772,477.1675161176603,24.073572324716107,1
19,36,4,413.5586890971944,400.2909283440401,210.64229769964828,1
24,55,15,414.7223258004875,104.4276620690229,282.9305906098691,1
25,38,3,282.88895847276405,383.37409626980775,540.4547647799085,1
29,38,4,301.9826677396462,787.5627327445378,498.3252651533711,1
30,38,4,259.4386980210183,644.9266681193233,552.2844654636413,1
32,38,4,187.2022527812486,570.2029679993433,496.8395271087521,1
26,32,4,560.3651826279884,964.3510053627257,694.7750455447664,1
29,37,3,487.59947029682445,958.095210195691,574.5917382585474,1
29,37,4,265.11493496967523,472.5034812707664,563.6847313444024,1
9,25,5,963.5585451543021,508.0820670377265,183.05842970453855,1
13,26,5,1044.270081954946,606.1413828535636,311.6304737236837,1
9,17,4,906.7033984608634,437.6122611126447,27.87689203043671,1
12,23,1,532.3365499639318,750.0656487228517,315.24279603057,1
3,9,11,535.9063983798375,973.306218943511,14.974787352789132,1
3,4,2,358.48660971323125,580.1795672165827,8.66815262912441,1
12,29,9,358.569469038491,1578.6771753654223,434.1701767128626,1
17,42,17,292.4391023167606,22.125565011162887,190.13852993457658,1
3,3,2,1449.6690046770857,91.57221423934206,222.97934359063575,1
3,3,2,1458.1756918210194,70.82697373064408,202.4427821526779,1
8,18,0,2074.5242217792756,634.1475520619489,1568.9094412343236,1
38,49,8,140.12105393348625,42.9487827016655,184.7156516068694,1
14,30,8,129.0952092800145,1354.5479795308208,539.3855840535504,1
1,5,1,2720.429368582829,1918.346360038901,104.98355034295709,1
4,5,4,592.3708470750191,297.0070661587156,41.17456677027591,1
5,5,4,585.4391075403322,281.65604146513937,41.74734370686436,1
4,5,4,604.379019958365,317.09988687891104,37.9604857810876,1
5,7,0,373.55147589658674,860.3995756241029,2.869117749230897,1
4,11,0,595.2262936072572,1623.956714286904,1290.179019846126,1
17,28,11,176.3133226838524,1015.0133135706375,458.21351646726123,1
27,40,3,299.595972815346,235.38667099524753,40.93433193146591,1
4,11,1,76.58206054898763,2568.8540467806374,20.251695378880164,1
20,43,9,264.1146130123337,876.6993305808761,209.54313750409878,1
30,39,4,123.40982591326947,648.964045090638,405.48601136412844,1
14,30,2,914.7741310986257,640.978602633898,25.165611465465922,1
33,35,8,407.09610337493586,144.68273284350795,207.7121369099399,1
22,51,11,495.81097719338743,1405.677565133116,21.080858668965117,1
18,37,3,490.4228966819441,1626.0999314095197,10.6322214424126,1
13,28,2,268.61380499120514,2060.4570957954106,28.14732357213968,1
17,24,3,163.70557671417393,214.80353571823608,212.7730622358615,1
14,13,8,853.020589088818,201.34879160211796,56.112120267544874,1
13,9,8,889.6374972626052,160.06981050421,25.513265595156913,1
18,26,3,236.2281594910203,271.87462410379715,293.9834710279357,1
15,44,3,400.31922731462004,308.04185296913516,162.03972926598445,1
6,22,2,1331.6224853750764,632.283406094199,301.15294290628424,1
14,20,2,657.8847335065667,500.00348099697754,67.42846138116184,1
5,7,0,236.53036245938057,2376.488574204851,156.4165011816063,1
1,0,0,1025.7721212195668,2143.35694459107,1329.3096522581634,1
1,0,0,1023.6828340815109,2148.813562612972,1328.8026508323533,1
3,8,0,733.4621792275648,1724.1971665918634,1304.1011801989239,1
6,9,1,348.7952186539463,2968.71672448,265.2798538156789,1
7,32,0,396.6950077960561,578.1727074439931,24.987388840698433,1
9,26,0,290.53931352392544,582.0807335137056,107.77299589192377,1
22,46,13,58.523921017953725,1200.8311755312911,227.47179624205364,1
24,41,8,254.7191562976407,628.7860880884575,224.0662956602828,1
24,37,8,187.30195426693672,670.7114984242756,307.6319292472092,1
21,46,10,230.33744677745696,968.7675212803136,136.96991660397893,1
2,0,0,2297.9771179879926,2657.122658936276,445.29943146198195,1
2,0,0,2346.859994292139,2725.2160529774433,149.05086865414336,1
2,1,1,1442.2599256612398,1193.792201850436,100.83441552896029,1
10,17,8,598.9658636850559,463.26699066518216,27.172619954236684,1
7,17,6,701.8299485939649,479.13833711963497,21.904869164534407,1
8,18,12,203.46249065371094,757.1307816914973,16.599545297595157,1
2,1,0,259.29535104996944,1875.2149612735377,13.031719054231003,1
0,0,0,1261.5918955562283,2013.2915584163468,483.7566666183584,1
0,1,0,2311.67354807934,939.4426476404802,34.573038899711584,1
13,41,5,767.3222636884416,1244.0223297683854,393.5763895874372,1
16,28,5,197.9449833222421,657.594546812659,290.5899517499824,1
16,28,5,213.4481060181986,644.5429080522539,275.4877710202553,1
15,29,4,275.4435283099762,620.4798462089703,212.2388409672795,1
18,45,9,416.7514813006479,939.9418545867118,263.3410273888123,1
0,0,0,2182.674764422235,800.0157716597321,541.7427558929288,1
2,13,1,562.4896153680704,488.21644512847524,14.918178404494896,1
4,5,0,304.40189002020725,2630.580399045362,70.764982771874,1
1,2,2,349.52785210770367,3098.988131909964,16.636482071171407,1
18,44,10,279.40200301024004,957.1759696535925,170.2502827103038,1
20,52,10,394.2020119426172,1149.9342002746944,129.08988878311055,1
20,51,10,405.11479995316694,1160.2612415501128,131.40735523546,1
21,51,10,410.646117082744,1167.4567438579281,131.07453577425977,1
20,51,10,413.85706134057887,1155.025385961516,143.18907781572295,1
13,41,4,744.9158795739187,1197.6301774225842,419.3662953517729,1
16,46,9,396.3520155078557,867.053010439842,290.2170271141396,1
13,33,3,441.4210003434815,1801.4333389912922,116.34309949354046,1
12,28,2,324.98749351277553,2038.7595754198242,20.08786432316369,1
15,31,3,171.0182248215617,1946.0796918986368,221.05157089065258,1
15,32,3,194.89964198267018,1921.115270205786,199.95888886132184,1
19,36,3,516.9878264925966,1598.797966962322,8.196061023942761,1
14,33,3,376.0794172471133,1743.0233616671808,142.42235123430189,1
17,23,3,233.98098297106966,1964.7281448860908,362.4198809017915,1
4,3,1,641.1747026909599,3236.90829434847,380.39571011350955,1
3,5,0,917.1510811333296,2245.785678122507,1070.2989259776277,1
5,1,0,452.75213648854367,2360.8545095477994,733.1707385529506,1
5,1,0,448.42108551198504,2360.42389685382,729.0089518175133,1
5,1,0,444.8702669123579,2349.6076472630198,724.7933629648438,1
12,26,7,323.4439007554815,1566.2861851462308,567.4121428376229,1
0,0,1,475.69360884941074,1192.583465430696,73.20075509800391,1
8,25,1,408.0283945578468,2108.809070674855,61.48964573192327,1
0,1,0,758.1020261374697,3238.7171261476337,783.6656561833341,1
14,32,3,234.62517921381144,1881.5803934681026,162.6927815264225,1
1,12,0,958.7443546405754,597.4405033967655,314.82846217119004,1
15,27,4,241.11537604308484,632.588134833271,247.08404888226025,1
13,20,0,211.05645106561974,213.3279264040376,110.0092931690645,1
6,12,7,735.6132756865181,549.0669793809154,40.43197644051858,1
0,0,0,3170.0324423630577,1836.6931625906584,548.0330535349582,1
14,28,4,326.96334510428414,623.2662917048143,82.62424615514344,1
15,28,4,349.2139840314809,614.446829007271,57.931589770818,1
25,35,5,227.69721797384682,815.342183331267,317.65786630305087,1
10,19,9,535.9047989365708,492.75329148804224,29.111073837728057,1
7,10,4,2295.128937496262,659.2388486344347,898.1200490013011,1
8,13,6,2208.9780984138533,583.3967303788185,877.1623943184221,1
9,14,9,2186.6461156504583,564.6584447978987,873.8070659662365,1
13,29,15,2046.7538780793363,448.79721253272834,893.6939510542499,1
13,28,15,2079.8106083981183,475.7424993389206,885.0974250262436,1
3,2,4,2389.7353318067494,1024.0755221340576,252.41759215737903,1
3,2,4,2432.4891589989993,993.0273607084486,310.35233588180597,1
3,2,4,2424.1767267349283,988.8179978803339,311.5295789278903,1
3,2,4,2386.479521742421,970.7981410543283,318.3801238767124,1
27,39,4,236.57703302473172,291.36874970702974,14.535575892467003,1
10,5,7,888.0451174926944,108.65392011439133,29.573570299754486,1
5,6,0,255.76205887544953,2582.2299579987107,89.11481150582239,1
5,7,0,221.12899853574274,2314.7651825314615,188.35249345292925,1
6,13,1,234.03293499868994,1047.112014783288,722.7072412476344,1
6,11,1,1844.7036327358398,2907.6044289946108,465.51706694802164,1
6,11,1,1893.1723004537992,2854.2385194430826,513.2697636681908,1
15,34,13,2093.4041167529103,501.72562988522424,1290.8956252097091,1
9,21,7,2034.5927251767464,507.1525871207811,1421.4120232505782,1
9,20,4,2006.1240118592755,519.615624184734,1484.2838357829203,1
8,18,0,2040.7789486082297,670.1966046704227,1662.5826566696269,1
8,18,0,2076.374841963758,624.5292369810276,1551.557196903114,1
14,19,2,676.7000173220989,480.25001003798405,45.73381641070839,1
3,7,10,732.4204210149427,811.9672158042498,27.072241068614865,1
3,8,10,742.6032582830087,803.9065796190991,27.97949162119626,1
3,6,4,1008.2251426682832,572.9456579444317,11.881534492270326,1
3,0,3,1895.819618705427,435.60085306128076,35.42401265966676,1
0,0,0,3461.792543009561,2914.091049259759,449.2290802193327,0
0,0,0,1947.7447865540585,1829.368155919765,240.07316555545765,0
0,2,0,753.0865657768097,1065.6547026829546,426.8633501287496,0
0,0,0,2156.04065758456,3393.092169676091,783.6914195981273,0
2,9,1,1010.4596075077125,390.2442444322922,259.04011111275173,0
0,0,0,1235.1363412223218,2293.12917495838,100.83692437999984,0
0,0,0,2927.8084658817575,3067.8371634825457,2622.455020074767,0
0,0,0,3412.8297172952384,1959.0223342620836,109.5562671936617,0
1,0,0,2355.7738262141543,428.40141390303694,38.69965296425261,0
0,0,0,4255.834168669932,3017.262276862679,1893.4946107648263,0
0,0,0,3451.06094714976,2400.005665194896,1250.8455585878644,0
2,1,0,2086.1990608653846,2624.284866927176,148.82430987808544,0
0,0,0,449.4268471005489,1276.2915417055026,456.6047042962151,0
0,1,0,1823.8870178184627,4146.935075518213,259.81677156260633,0
0,0,2,1156.0622970769502,986.8754952085982,817.5817814561798,0
1,0,0,1557.4618714980663,1502.4504267666375,239.0058041722259,0
0,4,0,1016.098512009797,1308.9712297797628,335.27799151556735,0
1,0,2,455.6763134868327,2527.873787899903,451.7850763878803,0
0,1,0,2586.1539551390874,2643.5445450444868,88.72641858238225,0
0,0,0,854.538373068091,3022.447209662032,2029.250273417059,0
0,1,0,2145.03834596925,1441.8219809398229,29.562243772933947,0
0,0,0,260.5268603647912,977.826138091359,676.5970986775891,0
11,16,8,547.5125086694686,774.7295970789643,272.13535445620187,0
4,4,3,1284.2792871738595,358.00459052515384,76.76449327922809,0
0,0,0,2815.3003648092276,2805.135328181092,728.1005144303798,0
0,0,0,1598.2144546622487,2871.2368700579923,307.2084518020952,0
2,2,2,424.457427211479,3003.9743506534337,90.35296919924616,0
3,2,0,213.68291015746462,1811.50451125263,98.39517254017603,0
0,13,2,817.1476275826313,159.71648254672405,137.2807179639066,0
0,1,0,1709.406363885885,944.8134751551778,1140.8403281867606,0
11,22,9,1622.5612980813057,495.11934687790733,841.3651736364627,0
4,10,2,127.75138657867252,1800.3771552125963,199.25545538269984,0
0,3,0,942.0536239921921,3205.8467871289586,38.28133530502904,0
1,0,0,2499.417020767236,235.73488253662998,159.4912832518496,0
0,6,2,659.6467078451814,1634.9795650543174,155.04992758775748,0
0,0,0,4006.323181360659,2271.4570686541683,1158.7214610207388,0
9,19,3,155.23018837510557,667.3212356043945,255.82932114167747,0
0,0,0,2912.029844602424,1317.9323518652225,232.47277922454901,0
0,0,0,2262.9498160582693,1706.4384729285998,2709.955956834313,0
0,5,0,1033.1449405620592,926.123257867957,349.2865884487227,0
0,0,0,3602.6500671940994,1061.3335024719318,198.2480768896559,0
1,0,0,348.29127771691117,1296.2306016230375,874.0615989753865,0
8,10,0,387.0583642872048,645.4854185420113,133.9101962712475,0
0,0,0,53.194897558870515,2641.8857947025967,93.40961378451924,0
0,2,0,464.56473643412664,1434.9475115439016,315.2738150848621,0
1,4,0,677.1949581256722,232.504272561071,183.75612193818336,0
0,0,0,1550.592452254127,3893.1272191189532,466.14550865574273,0
0,0,0,2150.372756790045,2378.3168893444313,808.6670140533341,0
1,0,0,956.3531945591521,1613.583651070555,1288.028449897854,0
1,1,0,564.2823005996358,1716.4795457965527,249.98675509468657,0
1,0,1,1367.151106117688,3088.9239382853434,1014.2193707818442,0
1,9,1,433.76706247634814,1912.6650617112637,275.42052661878154,0
0,1,1,2788.6894156975654,1216.807914940905,62.98790682398852,0
1,0,0,4866.974978764044,2741.4371968668233,2207.887087534777,0
0,1,0,3297.6530708670603,1288.8823152436655,675.6458592638032,0
1,2,1,623.4011830365107,3040.4138056992065,170.59157907567467,0
2,3,0,866.6352973102231,1774.1694251084307,777.3391531620774,0
0,0,0,529.9063525278902,682.8401580280852,431.4570367907458,0
4,10,1,1510.9058649590306,369.214103709181,106.94451266851631,0
0,0,1,2215.9547224521502,2370.653787204544,639.1516036129893,0
0,0,0,4577.24147378436,3107.3946845541477,2139.5363733357717,0
0,1,0,1764.6185062959023,4099.855455290234,321.1731704158546,0
0,0,0,612.3166204282927,1880.2713875585885,18.36649163851597,0
1,0,0,937.2116380147752,1820.9272475508553,702.866669697064,0
0,0,0,5282.816165735375,1198.2765469461365,1074.0535539660941,0
0,0,0,1846.82662136931,2120.9389492237774,496.31494374369026,0
13,39,5,776.1036296585539,231.228028302872,130.85324889663818,0
0,0,0,2118.4163060404812,2005.8023895450162,484.68601845735014,0
0,0,0,1322.725144099434,1408.4221015665364,443.4022238649767,0
0,0,0,1859.3088342062356,1342.5993192672213,2374.3904783474118,0
1,4,0,709.9601432141803,240.9829900864702,225.8551081352668,0
0,1,0,1382.4594211224387,1439.3589411498301,409.07891457225105,0
0,0,0,3072.008221879642,2836.107746989644,2512.2787796613347,0
0,0,0,4943.628181311292,1066.1097943236325,934.3689703822901,0
0,1,0,3194.29758205491,1477.7061328410641,1025.9472611946803,0
0,0,0,704.5141959550726,2211.893116181415,232.20112731403827,0
1,1,0,402.1429748347788,2215.411432415461,717.5731999888835,0
0,0,0,512.9944233925394,1764.0579215472078,309.3884435673512,0
1,2,0,2310.653839886674,2786.0163924973076,14.463261384610123,0
0,0,0,1660.358921419259,2920.068042977791,366.99830769777924,0
0,0,0,2421.50820053585,1764.0093803407929,330.8563104868525,0
0,2,1,1180.0274003754064,2332.1701316061276,228.2911571946124,0
9,12,5,290.73079128532623,1100.1773312737096,665.2512134992711,0
1,13,1,739.8625611587515,952.4384455870028,163.6175825217864,0
0,0,0,1396.7129355618954,3102.655957023159,284.3644494011971,0
3,0,0,2240.4752989820827,2547.9714717666334,449.2812302246737,0
0,0,0,2459.1702193790115,2035.4972856166764,519.8831455970137,0
3,6,0,259.85522632789537,498.8796110784937,273.9207552994399,0
0,0,0,1430.6146689052257,2479.225863116597,123.10099684131174,0
2,3,0,690.7732645427078,1959.975127567789,722.6553807868127,0
0,2,0,2347.6913468626935,2778.376088426514,47.991120538361685,0
3,7,7,410.4113441115422,983.8035134029748,331.99109252178977,0
0,0,0,739.8493481801938,926.7112175187226,1088.8799113815255,0
0,0,0,1730.8129355312196,2208.128073669931,170.8100573326739,0
0,0,0,2200.152371292216,1952.0933555263175,178.82802641848974,0
3,11,4,542.1850346784358,465.32351801294857,16.191191562941018,0
0,0,0,2156.1942542319566,1496.7528939210995,2646.8237356655904,0
1,6,1,877.5241920729901,360.1561752299038,215.18968250603712,0
1,0,0,600.4757273522328,1413.730303932183,93.79829202858329,0
0,0,0,1758.7874630184267,2861.50168946511,471.22778968948654,0
0,1,0,1980.0361111273894,2672.3774042754458,842.9523661170609,0
3,6,0,466.70761300744965,2853.017803690093,208.49787884564543,0
1,0,0,3265.1568669145795,1898.4146857139008,440.11733110365424,0
0,0,0,2568.3989176398236,2341.0439998642305,1994.0808035358946,0
1,0,0,940.5158754231353,1092.9116560244795,532.4264377081747,0
6,10,2,1396.6029202737188,546.5768905756092,360.6762896694636,0
0,0,0,1186.3476914080159,1398.2807173253582,610.5712341420146,0
0,0,0,3627.7300162840716,2885.882635890671,1726.6568636891714,0
0,0,0,1321.2207868762664,927.9868661182389,20.983390083296793,0
0,0,0,934.3404714281622,1341.8615602041525,415.13197341284035,0
0,2,0,639.8396111088958,844.9672724799584,15.719540580929145,0
0,0,0,3195.5961909319126,1807.8937400063016,384.17288550693434,0
1,3,0,785.6964779692211,1347.6072710937228,165.29228438895606,0
0,2,0,534.676774413922,2093.20528013793,745.0625065160776,0
2,1,0,621.0160500729742,3044.815264451326,659.1470052858036,0
0,0,0,3117.9782258759838,1281.0331968228147,395.671215535589,0
9,23,3,733.2544371839407,1022.98400550942,613.2462111320779,0
0,2,0,250.80114477668323,1520.114875496528,138.40012585075343,0
0,0,1,1233.4711811394773,2348.583911964064,155.5810935283733,0
0,0,0,3221.259766692856,2753.4244459374195,553.6119565360968,0
2,3,2,422.45026696008745,1162.4633754857834,487.313384901205,0
0,0,0,964.6911505607267,2251.8441214878844,277.04072302300386,0
1,0,0,2315.8961388725056,321.36383105566915,30.948332711135492,0
2,0,0,1740.7627022893016,570.1517924570321,521.8034155421499,0
0,1,0,3286.6057561219827,1486.5455017039815,1288.7364261383414,0
0,0,0,548.1922178384506,454.89394205890954,28.692028391227584,0
1,5,1,457.13069772588426,905.5340398336607,402.81908411251663,0
4,1,4,2036.9922071818605,794.1186382171187,490.95521800777095,0
2,1,1,513.7677415149993,727.9304425640129,390.6831290744473,0
0,1,1,2942.046338266362,1575.1548064287535,247.0584543530902,0
0,0,0,1342.7114254375472,915.9553672636688,89.36490724331782,0
3,1,0,719.2792422279887,732.9476571581919,234.601191044694,0
0,1,1,726.7178849846841,783.3755597961929,81.360818835198,0
0,1,0,3033.722549657529,1571.637959391246,531.2081921711197,0
5,4,0,643.4273504169873,2251.3287700278916,140.84742041388424,0
0,5,1,568.6545574078343,898.5540303959585,23.130215524300272,0
1,1,0,1024.5045552580086,3223.5217381531606,1069.0177535237783,0
1,5,0,759.9972933819816,2894.3426037102035,178.19389409800203,0
0,0,0,1854.002660164568,1043.2458826261645,2237.0563421458537,0
1,2,1,458.9258559850525,2880.1755195561595,193.51900672032903,0
0,1,0,681.4623669262213,2713.0606180429972,1021.452072950942,0
1,0,0,859.594139751067,1783.007380703884,1062.4743233169484,0
2,0,0,696.3813884959835,1894.6106893452088,875.6218555379118,0
0,1,0,1953.5310900894847,3544.460947985337,1445.5444116941887,0
0,0,0,2653.627957557018,2562.8731666348276,531.2258724686512,0
0,0,0,4270.532151325566,2820.8275939924783,1704.3826238411698,0
0,0,1,2656.1949242547025,2396.0168817795707,603.3628450090066,0
0,0,0,912.951539225606,1622.9484143656362,504.02335927023796,0
5,4,3,1031.6143223638553,410.6202972991965,13.125395611951578,0
0,0,0,2167.635301358915,1344.781523896335,98.59415269152403,0
1,0,0,2591.9605275025438,2601.272236550393,449.9213530564539,0
0,1,0,3002.3285050990426,1604.7142712778398,759.1823218885803,0
0,0,0,4103.55658327878,668.3272881981734,88.13477625726897,0
0,0,0,3724.2701332842144,1423.8641735088956,93.05555111641938,0
0,0,0,1741.327245185874,4594.187076470916,3678.961172450463,0
0,2,0,2574.246071718842,2173.9142825998806,1004.8775634850789,0
0,0,0,3471.603058023268,1202.8788829807393,150.24045093653874,0
0,0,0,367.21047636187575,1471.633881480564,643.6062803071788,0
0,0,0,2836.409343476883,1892.3607644091485,607.4301252135043,0
0,0,0,1805.220764872744,2287.4105255416316,1651.0552993766382,0
2,1,0,472.8600662350776,520.021086218151,98.7479662668157,0
0,0,0,887.4032560660121,3645.345000404196,2655.5661102750787,0
0,0,1,722.7576589286818,1529.6522013731565,1152.124161668465,0
0,0,0,589.6269890024996,1725.8734506754058,331.04584971856707,0
1,2,6,1104.042511267491,324.119204088766,301.36590801493696,0
0,0,0,3403.6765999130184,1390.8324822857523,162.30424013355534,0
0,0,0,2392.2029404176865,1804.9040398156842,1156.6240300790141,0
0,0,0,675.9848350344528,1302.1721432609093,917.467640030486,0
0,2,0,455.8985623171523,939.5194630544838,175.1095250015637,0
0,0,0,3211.90625610025,1746.7893921257714,386.83315184003914,0
0,0,0,724.200147617609,1724.8821905566174,234.5353658663813,0
1,4,0,2064.801854137454,1059.2564211955225,2151.135940123421,0
0,1,1,2587.0813324693204,972.143753396315,43.90624808395093,0
2,6,0,2358.343321628296,2373.183537888253,645.432957523206,0
0,0,0,1222.6917374021987,3785.203084392086,2882.262233982421,0
0,1,0,1564.796253853204,2651.142283862803,235.67580068516932,0
0,5,0,932.7975978126152,1586.079077398625,84.47315782684353,0
0,0,0,2962.7556752940704,2752.031212473551,2413.1891255157925,0
0,0,1,2144.080290908457,2145.1168410726536,471.817991059918,0
0,1,2,1421.2550135416823,2577.2602506817975,164.08294104290502,0
1,13,1,665.5289129224359,838.2632634667259,427.98659185009535,0
2,15,3,494.2442757796862,1107.5540900500853,783.1412765394356,0
0,1,0,2120.545006265097,4265.599859369494,73.76723494594475,0
9,35,9,798.441203094663,423.40370175258124,163.19429985791285,0
3,11,1,787.8313658918992,1278.9441682579452,35.38314059175692,0
6,3,2,844.4171290303718,651.9569675033673,222.5704136290623,0
3,0,1,1744.8490512466205,978.0605920807928,433.10073030013547,0
0,0,0,1209.7037191644297,1491.8889456640168,171.26483910998613,0
0,3,4,817.257866166333,757.0641119400913,119.66076861625176,0
0,0,0,1066.880404750087,1060.9131907578878,757.8413548185281,0
0,0,0,1618.060175193898,1770.8879805847175,219.99113367611537,0
0,0,0,1429.0876955483798,2425.30360947036,351.5652854897733,0
0,0,0,1838.1185995785092,1758.535419906935,1301.3763618502246,0
1,0,0,3347.148717955596,1981.724405429819,471.1310312565772,0
3,4,0,732.7333111640432,2636.034522690147,345.5853520303847,0
1,0,0,490.3480638638737,979.232324268405,679.547421469977,0
0,0,0,1408.8658059859315,3419.023187815516,2628.305932155082,0
0,1,0,650.6788927031424,1973.4422319585249,371.13401016545237,0
2,1,0,1361.8043133151011,991.1262932525317,61.657009791462485,0
2,2,1,677.7555034079105,2169.172914940342,63.466312117078665,0
0,0,1,167.19952935595296,1218.268005020671,609.2998852339545,0
1,1,0,392.72875718439144,1790.8451405166636,487.368935416551,0
1,7,3,963.116895842837,400.44310359214336,301.80491386651556,0
0,0,0,348.402817954737,492.31135212803355,198.79328187102197,0
1,1,0,2611.8809374027446,986.7083938720983,1031.3854492872197,0
4,6,8,682.2197233921528,790.3286062928909,306.6246674767319,0
0,0,0,1411.8447281620272,4538.123499285526,3509.185543645967,0
0,0,0,1187.3176240866205,2115.391279242419,1195.7365666292606,0
1,2,4,1040.182444751083,438.1214398417496,250.94959322333926,0
1,0,0,2624.989496355762,1196.6915265155483,666.7759696741826,0
0,0,0,2323.783891778169,1710.5727514083628,1188.3339916738357,0
2,20,3,665.5861744877029,1206.412343665851,639.5716815238943,0
1,0,1,2229.0131139301034,769.0180535790763,38.948285889860124,0
0,0,0,1209.2132909370216,2093.2887081492586,1210.3792310983094,0
9,25,14,621.1119732522328,411.1817567624877,35.964950839294744,0
0,0,0,998.2267087955695,1432.9025077313288,1040.0116914799194,0
0,0,0,1385.110587331662,3690.415657230395,605.9024294225666,0
0,0,0,818.7916151454992,2157.1405224173814,328.41666438941826,0
1,1,0,2248.9444374321633,1177.8781919817513,52.832627108554234,0
0,1,0,747.4848590571823,2067.920866189891,179.93621638683183,0
1,3,0,2324.4895331530543,2719.123346077315,319.8243675730218,0
4,6,0,433.8018123811504,2820.2787972440597,178.93420087299586,0
1,0,0,839.1377428959778,1441.2386356120508,326.2386771888867,0
2,10,1,690.3908267002607,597.0078284942823,150.2539756276485,0
0,0,0,896.2312280624254,2105.184332504623,508.6907251632515,0
1,0,0,1482.4043754748582,2243.283427605846,558.5404960732818,0
0,0,0,2389.922620026871,3828.0482258114507,1899.630889272718,0
0,0,0,1754.5300976503152,2056.8109729766716,146.04620563511406,0
2,4,0,472.2544899019807,2177.011408137784,633.0421837193221,0
6,10,1,619.4209321633344,1378.4903000247227,817.6608950835893,0
0,0,0,4364.369999004048,839.0615919061148,493.7454576879309,0
0,0,0,267.50608185143034,2394.230508445315,58.7760105281913,0
0,0,0,1625.4525927198495,1470.060528310106,1018.5185013851818,0
4,5,0,1373.0362191948275,2770.849664851617,27.248653260945247,0
0,2,0,522.2617150996642,2695.7105531156067,576.5663640119166,0
0,0,0,3972.792328990333,2446.4622562110308,1329.5858985230966,0
0,0,0,4003.902564799951,843.0991102057461,889.4452554252463,0
10,12,9,699.0830503287534,217.90907663818336,17.25027199368558,0
0,0,0,1010.3845903518277,2343.435185296529,166.24397023058185,0
0,0,0,77.96119672521151,3609.448651381636,2321.983135020943,0
0,0,0,1788.027410660524,1131.496429470452,210.066336223759,0
0,1,0,853.3669273810766,2478.8517801689923,813.3048445013135,0
7,7,0,711.5086827401494,713.5100691098593,739.9770440975603,0
0,0,0,4141.315090479266,690.3847343068034,159.08198105884645,0
0,0,0,1187.4213232371087,1647.2714438751834,966.9427714500661,0
0,0,0,797.5465671547637,1985.5249389174157,61.552473773730284,0
0,1,0,1549.0394008334854,1695.910164922236,930.6969208649399,0
0,0,0,3367.3698756141184,1319.006774867695,214.40223842817232,0
1,2,0,705.4051795943287,2297.2301381158577,389.9529137312172,0
0,0,0,5000.453868149478,1144.7268957551423,1016.2597238829478,0
2,5,1,2635.602455411749,2049.1493133106305,3.1432091895256216,0
0,0,0,3760.1731201717375,2927.8218480427613,283.59590235138126,0
0,0,0,1938.720682977875,638.4132305898545,122.32695193995289,0
1,0,0,3107.0253792443777,1899.1054691981278,922.0028665332906,0
0,0,0,2558.7804782031963,1214.8162281383975,320.6614434478771,0
0,0,0,1516.272336739941,2315.109292102882,159.8571928313423,0
1,1,3,1021.8891397554268,378.8139661707715,191.65869796804637,0
2,5,1,145.69007932780642,490.9269138889807,228.23870619447055,0
0,1,0,2920.3116712219794,2313.966717349195,50.48907630427505,0
0,0,0,2207.4462943727513,2626.9247201000444,429.81126519377307,0
0,0,0,3907.4212838991757,3156.643477628145,2001.6080165852263,0
0,0,0,1815.2590469410961,3103.3731389757677,827.55118187869,0
2,3,2,1034.244138759602,496.978016063396,338.76684456055386,0
0,0,0,2152.5912194794196,1627.7653855930164,382.0849397686951,0
1,0,0,2047.8107031196741,2080.1943990297377,387.4390326425048,0
0,1,1,694.5624589087163,975.8554903160833,628.7643811947262,0
1,0,1,916.0364530493416,2537.134510145869,871.6726893867444,0
5,1,0,938.5309063951349,2656.630078125751,1219.8862628884879,0
0,0,0,502.3324235466577,1896.3358289286823,85.55588076624848,0
0,0,0,1762.6544295241665,1038.3471607875083,2261.8163139292283,0
0,0,0,1001.809494142667,2449.6812262559483,795.3926286830693,0
7,10,1,1522.1763040546557,2809.7447560537453,180.3347421509036,0
0,0,0,664.0854200519582,163.7443165405545,121.20678408400856,0
0,1,0,1866.4114830785668,1610.85987393977,161.4534291191598,0
3,8,0,197.19825890184245,2405.050135911224,454.2374181653038,0
0,0,0,3491.756998492125,2927.5254568925534,387.38569214202363,0
1,5,1,2268.100628544221,2202.965838264395,131.55182018546535,0
0,0,0,2838.1232997304423,2191.6172006538077,443.2057405726522,0
0,0,0,2693.1202509298496,3047.609901250445,2556.4189866279708,0
0,2,1,151.84279049543903,1869.799492116092,195.606599633652,0
0,0,0,3313.3749804964673,2783.7448924120436,460.5423411079347,0
0,0,0,1505.2926205151286,1771.171593303696,160.6102893222746,0
7,25,2,542.634067759124,1982.8135279773328,234.42174141580944,0
0,1,0,566.0733133701349,1135.598769327751,613.8012556488843,0
0,0,1,2183.747963459282,2194.7364759739103,507.7500543977248,0
0,2,0,2418.9630869898383,2741.909316007561,33.95909093106076,0
0,0,0,909.712874461696,596.9880859862386,623.0321214441371,0
7,3,5,1939.172904800338,643.0559688700432,641.8795281694083,0
1,3,0,653.6313155906593,408.12126661434803,333.86429312024273,0
0,1,0,2766.4911019920974,2429.3730958294623,16.602974431786183,0
0,0,0,3654.7562881978815,2695.5575258010913,16.56977712007532,0
4,7,4,311.1914120924966,1485.19436471073,940.5488676550841,0
0,0,0,3630.094865767983,1081.5731203488385,103.91260607969893,0
0,0,0,1564.7767745553338,1012.4799260395445,16.55938611480617,0
3,0,1,1496.189116205486,1345.3144945247532,201.0469419503234,0
0,0,0,3280.577414861728,2092.838833307825,250.8149212568291,0
0,0,0,985.3781564522689,2441.2559794008002,958.813757948764,0
0,1,0,2920.734916651857,1480.4398197947057,625.5497737220629,0
0,3,0,1273.7880734300961,2338.557056784579,1320.2120726327844,0
0,0,0,96.39941401336563,2361.2892410703375,147.51249841322985,0
0,0,0,811.6272726494674,2113.5123012682866,241.48777530652842,0
6,11,1,124.57024423223655,757.4730880520988,465.769946972489,0
0,10,1,671.7916892336739,679.0581700388811,453.7291452657953,0
0,3,0,452.8582705216281,1252.2218205075094,609.6136453652248,0
0,0,0,1434.2315559479318,2178.726832585416,297.7889488362336,0
0,0,0,988.1082362063041,2882.920696840883,1210.036997391489,0
0,0,0,382.5322739825797,1987.1894928177596,208.55429048271122,0
0,0,0,4263.721816800709,1951.4819412959528,928.6765870463812,0
0,0,0,2132.5235378645266,1609.275412558691,853.4959855181457,0
0,0,0,1954.6773168346854,1235.7158319559132,1200.5749046526664,0
2,2,0,1249.6162611517825,1198.1621564499223,109.96431558535075,0
8,13,8,396.87746523426534,415.167944176069,151.11360380908806,0
0,0,3,884.6223791654634,359.11664470379316,8.215411150122314,0
0,0,0,1107.7969884861325,2600.755163938933,1629.4761155986712,0
16,40,17,207.5860658013433,207.6474676673984,0.818251931499424,0
1,3,0,706.3852533036504,1523.6003364891544,652.9334623481818,0
3,1,0,201.6914193555055,1750.4104866642826,199.6540406024097,0
4,5,1,871.0053189829739,396.1438643692892,499.83681429067497,0
0,3,2,584.5432247825794,1702.5827217946423,94.07832780367691,0
0,0,0,1678.564160132016,1505.9804614184038,175.77891134197804,0
8,24,3,66.88533819964985,736.3025059611776,262.7789374590241,0
0,0,1,2302.146888153913,2362.8465730940225,679.3247860063086,0
13,23,6,228.69624557802095,544.1457705460513,350.49401392577073,0
0,0,0,2118.4476616441084,1636.8641112395553,230.3323505711102,0
6,11,5,258.6074670322863,1390.172737652553,878.2630317275257,0
2,6,1,484.57426115315303,2869.5229659570286,384.372223463655,0
0,0,0,2882.608358558021,2641.7867673158526,578.2066172696353,0
1,3,0,2456.7616822617288,2846.635178308385,374.89375531623165,0
0,0,0,3827.2859223155315,1497.1631619147402,193.7777726085255,0
0,0,0,1019.0954201827544,3817.6652905658757,2843.872593545599,0
0,0,0,3331.249236414739,1297.3857015307128,377.06691706705317,0
8,20,6,1586.616045208816,510.74708830713644,831.7848973265941,0
0,0,0,479.02999648879927,1746.4845971101013,47.61880226841196,0
2,0,0,679.5949750609115,983.5225344450851,1242.666555211383,0
0,0,0,2242.646065013159,2064.4154324328747,4.944388169185625,0
1,0,0,803.6247952815804,689.5068784155677,625.2540653871434,0
1,0,1,2291.0637386132053,868.2745292720613,134.54940177937374,0
0,0,1,699.020371128875,1419.1242987126168,528.167578668119,0
0,7,6,183.10560260650297,1366.106774798834,138.32433885519865,0
2,0,0,1123.2682175913926,775.4508392918004,520.3942512779573,0
11,16,2,542.4024292865425,781.3252069113458,6.060785611518142,0
5,4,1,1109.9895384717927,559.7874209352021,1443.8446556291879,0
5,11,2,1459.1613629951182,561.010379109446,311.46018294674394,0
1,0,2,552.6215101928397,2409.42074891884,225.63486465384204,0
0,0,0,1464.3057445207562,2035.304346370025,81.13547811613122,0
1,2,0,841.5482266731161,868.0744075299406,361.07320319379295,0
0,1,1,3023.6370488663533,1602.7253790903617,457.9469859843128,0
0,0,0,3969.4887987260995,2925.7547921305727,1789.5305085483005,0
0,0,0,2574.6850590950144,2399.7541046412443,2029.8148943652386,0
1,0,0,3347.5261501619934,2068.140380744438,819.9912906504152,0
0,0,0,3217.0214088175026,2162.120629261642,1005.1085833522308,0
0,0,0,1408.9274665249006,2478.5842355904883,486.176126752452,0
0,1,0,2996.681205275526,1605.328998029908,467.61366074370517,0
2,4,0,996.5162384034306,2196.070202936277,1203.9021366496015,0
3,3,1,1219.1646021603326,255.66244547020446,200.22467165331392,0
0,0,0,3205.9585475276485,2477.2723200177707,471.9902597640189,0
0,0,0,522.6323317422302,1071.1244997915685,90.30222122276821,0
0,0,0,1235.056433111747,972.2474496026452,216.50123042524677,0
0,0,0,1240.487916903115,1638.9267312457216,1505.0861343500296,0
0,0,0,560.0534178088072,1121.437208485562,660.6985701658847,0
0,0,0,1379.1939109046389,1385.7527987488222,180.69919793676334,0
0,1,0,528.3081100385173,2461.0218034787695,714.4120631476134,0
1,2,0,793.4268100850398,2199.8645773549156,319.1242218224283,0
0,0,0,2052.0676346710793,2080.9310831210773,550.7292610851498,0
0,0,0,1125.5352992757937,2524.7019779004627,1121.4987448833078,0
0,0,0,1339.8642869592584,4395.818606053071,3389.9866555705084,0
4,2,4,2725.21531712012,1315.860197504538,10.565816786160383,0
0,0,1,543.4134103516996,1600.1866243927855,751.7616637140618,0
14,39,15,266.3349006382178,412.43902694368523,59.206011153795764,0
3,1,0,799.5987250547979,2797.1463032836855,1049.3357455616506,0
0,1,0,682.1546691664427,2142.6953384379835,476.54726218534563,0
0,0,0,684.0044050306691,2776.5077072495337,697.8721289750025,0
0,0,0,2698.4803996142755,1099.9664803544108,1153.703191393682,0
17,30,5,965.5412610097794,618.9768318518016,349.14946202560515,0
3,10,1,112.55648334240755,2467.4397902483834,358.71020049798653,0
1,1,0,518.2247670616858,1920.9885567175195,310.4808447362486,0
4,6,0,736.9343303638431,2071.0696634299434,751.43534939389,0
0,1,0,3096.242791463517,1528.392715376,870.6902603286552,0
1,0,0,2933.615404402137,1613.7643375563928,503.0197112098502,0
10,13,4,275.18173216974,1009.7034344228094,449.5367273556668,0
1,1,0,2085.704907494378,1273.4515514591153,64.80749281043065,0
0,0,0,1727.714371537038,3839.985465799529,163.11039705072528,0
0,0,2,988.2897425900724,2313.313573178242,62.12394432980322,0
0,0,0,1163.9280581354915,1726.722790731327,1011.6986639608037,0
0,0,0,1024.8213272866597,2644.719258444157,1634.300055246763,0
0,0,0,4338.817081011822,2268.9510790039685,1344.8867636661125,0
0,0,0,680.8298001373987,2883.37713802939,626.6530445943662,0
2,9,0,2023.7843936834163,980.9518923978887,2079.6336952392485,0
0,1,0,1887.229934475351,3545.724243438293,1540.7848021382492,0
0,0,0,4685.784577567411,1455.4456415007057,1117.6674291276577,0
6,14,1,262.3975611390862,1192.2603174441074,911.1447087199978,0
9,14,2,1398.4125429269934,475.29934937463446,285.19100684683457,0
0,0,0,1234.5317213140843,1359.7798905616555,245.1848615237106,0
3,1,0,273.4865974449591,1807.4387099992266,166.95264497346818,0
0,0,0,2127.3635639094955,3485.7964346512063,1250.0154162835868,0
0,1,0,2284.7047188815086,4435.893552920197,190.69360117539645,0
0,0,1,2481.806945856001,2585.629008928008,797.4517458282625,0
0,7,0,1064.792829826326,1153.7644936696133,127.49899008603839,0
2,5,2,574.1097678583096,439.9511350538059,331.547720537749,0
16,36,17,266.037754157525,184.45508070042223,34.93132827938983,0
0,1,0,2086.1884505353264,1475.8039881763814,55.272665134705235,0
11,26,6,210.60259270443575,1515.822689654863,682.3833645855946,0
0,5,0,700.6951943736759,3075.95548701256,287.6784877401856,0
0,0,1,2322.96626260292,1153.328179363921,99.73622235918063,0
0,0,1,827.5902613308141,1602.1890148201912,1275.2905199607885,0
0,0,0,2492.482356473099,1358.5043985514048,816.4975264817155,0
0,0,3,418.2107948822875,892.559628401977,306.607856224163,0
0,0,0,1297.444324050164,3863.047746721043,2971.0648699472526,0
0,2,0,2312.898089851044,2813.1878518648628,67.46102087132041,0
0,0,0,697.6552261434281,309.50779382575234,327.2578385938764,0
0,0,0,1875.7049416413001,2036.671488318064,506.2831256497091,0
0,0,0,3083.650553942806,2245.5710736285027,959.9042573785285,0
0,0,0,1144.5044685898124,1091.8276993553575,377.4023843271731,0
0,2,0,446.65941293140526,1006.8714028576485,556.3428525697029,0
0,1,0,2055.804189591581,2949.3968868683837,483.8621219205141,0
0,0,0,2383.5383694397833,1644.702602756575,358.5201727098101,0
0,0,0,680.5216115270152,778.5328423970265,270.9492157931631,0
0,2,1,1178.5868147772833,2361.4951810961174,288.1913873919959,0
5,15,0,272.3089584331276,599.6515128793453,512.4664308627165,0
0,0,0,2107.475541968181,1821.2894505301203,510.3587496292634,0
0,0,0,1337.8327415727435,2804.402591479068,1402.2646659909092,0
0,0,0,1262.5153896358981,2386.7723109970816,783.5174368929072,0
0,0,0,3864.179169701763,2407.539438221538,206.33644063947273,0
0,1,0,1105.1324002736148,501.6972245815747,752.5090581046425,0
0,0,0,2255.860056522378,3701.398869553528,1841.853669811488,0
1,0,0,1070.2535079969066,1340.791277558509,1549.7716948575423,0
0,0,0,3928.4192952199733,2510.4080516535846,155.9197718959046,0
0,0,0,4236.753671705325,4131.575519448386,2910.371263053722,0
0,4,2,1119.0010905845222,974.2771371504004,534.1992295282606,0
4,1,3,2785.1855910878257,1257.263578448062,198.94427459391696,0
0,0,0,4154.979906529487,2132.370263806898,994.2411509689477,0
3,18,3,789.7994698436714,678.0452115943959,405.9553355928681,0
0,1,0,686.276766953119,1225.9830087839152,342.1828573277573,0
8,20,1,498.18016351610805,563.8762933519515,135.25779962622974,0
0,1,1,1247.4713490554254,608.9890153959275,565.1351564772252,0
4,11,1,510.15847493734844,795.5286059619325,178.39500888761043,0
2,1,0,1319.1762419625943,1004.1670452312974,17.609364771447716,0
0,2,0,594.3134761414451,554.7755205051784,255.0449331975432,0
0,2,0,2619.590718796385,2052.444178676509,704.8985577470971,0
0,0,0,2871.7502670376794,2223.321349956044,215.7306942994333,0
2,1,0,1405.5649899495393,1065.6428694391568,17.575441188481598,0
0,0,0,2783.064532970727,1656.1802100413897,152.05911129906252,0
0,0,1,882.8516361957502,616.5690068789725,692.2654273939719,0
2,4,0,628.4366170149852,1684.0929437523212,346.0716039942518,0
0,0,0,2793.8432011303285,1946.9752935893669,653.4914985942428,0
0,0,0,1724.643238518281,3154.7976828922597,1281.1202311840746,0
0,9,0,1051.7697450039173,844.740225006363,325.73537729856787,0
1,1,2,2670.603461692457,1452.437810707282,157.37035639184825,0
0,0,0,3182.9111309810332,1563.7907291916226,993.8123147207236,0
0,0,0,1635.665501636471,2380.3221604683054,1665.423115909145,0
4,5,0,754.0169824435031,463.3155712535953,298.18698253180366,0
1,1,0,557.9935999996646,1983.6838798838403,394.3054095213242,0
20,28,3,578.4209000092601,1154.2061680631098,316.4991687615035,0
0,4,1,380.82904341021685,1086.5560101001704,62.740446832510315,0
0,4,0,851.1701827931379,1585.739597002148,283.8859286907344,0
0,0,0,4936.850705577975,1978.1717714076578,1817.6793977195402,0
0,0,0,1095.9686775466391,962.8399710512126,827.8939968843908,0
0,0,0,827.7265306611499,972.8425250393424,833.5626931232179,0
0,0,0,1364.7511117348315,1143.301276182774,417.9705363924846,0
0,0,0,2100.5557912622344,1889.34779537324,1507.8553429328415,0
0,0,0,4136.377669551161,948.647533988234,400.1358128533379,0
0,5,0,900.0384411225996,1623.8752883817904,51.26369590259548,0
0,1,0,2240.375163573074,1481.0174415054134,70.1653086701876,0
0,0,0,3437.340858401339,2093.633779476942,318.6669244713518,0
0,0,0,2902.390578437048,1996.4513568300915,813.7409371296753,0
7,18,2,767.4629057540196,1346.7352466816487,214.12770781608404,0
0,0,0,628.2602070586202,3408.4561658119906,450.53458299921,0
0,3,5,1058.222288171157,712.9875986610208,179.02647766311716,0
0,0,0,4956.380950212387,1556.267875066862,1408.863518839369,0
1,0,0,918.1698939527764,1538.6819872827925,265.2178007208588,0
3,10,3,134.50261112532192,1682.4220606310428,0.6909468420422642,0
0,0,0,2041.9006961424166,1754.4066249258674,258.3631829434559,0
0,0,0,2259.2305456719832,1942.3657850893521,2567.042508130289,0
0,1,0,2442.1106074182453,2720.149311680837,46.94789812169352,0
1,0,0,296.19270035265004,1980.3823417542644,680.9680284942219,0
0,0,1,2365.944008175274,1359.903069796981,96.86802050200394,0
0,0,1,1022.5894184837862,1873.6263181762765,52.18260318786524,0
2,6,1,845.0608789186437,95.16844102104086,7.013788209119358,0
0,1,0,1366.6835376794638,929.3191312296038,547.8813582949374,0
1,1,3,989.4295811297252,276.6377339917752,123.07292967414679,0
2,0,0,942.6187416065065,3406.708324272564,617.3962053333292,0
1,3,0,2479.7504727747305,2846.6925935506424,331.1624251981327,0
0,0,0,2394.6766974416414,3155.3997824305884,744.1092444899656,0
3,0,0,2190.1574442873725,2602.43611183504,278.9141901830556,0
0,0,0,743.8208709021214,807.7083869340098,722.2461153826391,0
0,0,0,4310.5846682662905,4049.24015001854,2863.189504258002,0
0,0,0,2654.629053496508,3010.0725162723415,828.2952973881315,0
1,2,0,1644.7525190441074,971.639798813685,228.95589837555679,0
0,1,0,1899.3625091709332,4149.026766122793,101.72961277972092,0
2,1,2,2429.8478396303103,1283.3516455407769,2.866792192737433,0
0,0,0,1036.501646512218,2358.9836384241166,559.515681010908,0
0,0,0,2422.5594458278624,1663.93632503095,254.45418941284547,0
2,4,0,853.9328691578195,831.8831830743515,462.11884116346505,0
0,3,0,955.801017267312,1124.143513263436,646.4180185689481,0
1,0,0,2408.296656126285,223.441351546306,20.93376806642979,0
1,2,0,2078.365550649044,2443.042913704162,246.58486260864194,0
0,0,0,1466.9262416909587,1341.3593453484727,328.4630613792664,0
0,3,0,402.0793856137578,1738.0776043048797,72.92326543589877,0
3,11,1,65.45206920271416,2428.1028749741195,234.69749315653922,0
0,0,0,1167.0559538067607,1177.0982824875698,391.85513810722125,0
